freq,busy_power_avg,idle_power_avg
1500,673881.278008 ,128438.977178
900 ,279394.172199 ,58115.952282
500 ,106569.468880 ,32398.582988