freq,busy_power_avg,idle_power_avg
1200,673881.278008 ,128438.977178
600 ,279394.172199 ,58115.952282
200 ,106569.468880 ,32398.582988