freq,busy_power_avg,idle_power_avg
1500000,336002.473029,111553.31535
1100000,180345.539419,57373.537344
600000 ,68608.970954 ,22064.923237
200000 ,23576.591286 ,9729.885892