freq,busy_power_avg,idle_power_avg
2000,1981514.328452,411109.321596
1400,871366.493776 ,166321.811203
900 ,432229.170124 ,85452.141079
