freq,busy_power_avg,idle_power_avg
1500,336002.473029,111553.31535
1100,180345.539419,57373.537344
600 ,68608.970954 ,22064.923237